Workbook

Sheet sum pra sar
A2: Rekap pencairan subsidi
A3: Tahun | B3: Bulan | C3: Porsi Jakpro | E3: Porsi LRTJ | G3: Realisasi pencairan | J3: Keterangan
C4: Prasarana | D4: Sarana | E4: Prasarana | F4: Sarana | G4: Prasarana (a) | H4: Sarana (b) | I4: Total (a+b)
A5: 2019 | G5: ='[1]2019 - 2020'!$M$3 -> 17093417233 | H5: ='[1]2019 - 2020'!$N$3 -> 9661128221 | I5: ='[1]2019 - 2020'!$G$4 -> 26754545454
B6: Pengembalian lebih | G6: =-'[1]2019 - 2020'!$M$5 -> -1310129659 | H6: =-'[1]2019 - 2020'!$N$5 -> -4262215012 | I6: ='[1]2019 - 2020'!$G$5 -> -5572344673
B7: SubTotal | C7: 10790194404 | D7: 4328122969 | E7: 4993093169 | F7: 1070790240 | G7: =G5+G6 -> 15783287574 | H7: =H5+H6 -> 5398913209 | I7: =I5+I6 -> 21182200781
B8: Total | C8: =C7+D7 -> 15118317373 | E8: =E7+F7 -> 6063883409 | I8: =C8+E8-I7 -> 1
A10: 2020 | B10: UM | C10: 29863327091 | D10: 12151963218 | E10: 18491800335 | F10: 22679535213 | G10: ='[1]2019 - 2020'!$M$9 -> 48355127425 | H10: ='[1]2019 - 2020'!$N$9 -> 34831498431 | I10: ='[1]2019 - 2020'!$G$10 -> 83186625856
B11: Jan | C11: =53463699347+5933241767 -> 59396941114 | D11: =13543074359+1490958261 -> 15034032620 | E11: =8140009777+894981883 -> 9034991660 | F11: =25275803284+2782615432 -> 28058418716 | G11: ='[1]2019 - 2020'!$M$11 -> 68448565693 | H11: ='[1]2019 - 2020'!$N$11 -> 43075818417 | I11: ='[1]2019 - 2020'!$G$11+'[1]2019 - 2020'!$G$12 -> 111524384110
B12: Feb
B13: Mar
B14: Apr
B15: Mei
B16: Jun | C16: =10042162822+1115179643 -> 11157342465 | D16: =2681678559+295114729 -> 2976793288 | E16: =3285896843+360989202 -> 3646886045 | F16: =5004888693+550780542 -> 5555669235 | G16: ='[1]2019 - 2020'!$M$14+'[1]2019 - 2020'!$M$15 -> 14808955183 | H16: ='[1]2019 - 2020'!$N$14+'[1]2019 - 2020'!$N$15 -> 8527735850 | I16: ='[1]2019 - 2020'!$G$14+'[1]2019 - 2020'!$G$15 -> 23336691033
B17: Jul | C17: =8416921157+1100629677 -> 9517550834 | D17: =2163469683+304747967 -> 2468217650 | E17: =1787135055+297588895 -> 2084723950 | F17: =4037741556+568759313 -> 4606500869 | G17: ='[1]2019 - 2020'!$M$17+'[1]2019 - 2020'!$M$18 -> 1.160648e+10 | H17: ='[1]2019 - 2020'!$N$17+'[1]2019 - 2020'!$N$18 -> 7.0705135e+09 | I17: ='[1]2019 - 2020'!$G$17+'[1]2019 - 2020'!$G$18 -> 18676993304
B18: Aug | C18: =8229995313+1080151181 -> 9310146494 | D18: =2163469683+305066799 -> 2468536482 | E18: =854232348+195604565 -> 1049836913 | F18: =4037741556+569354357 -> 4607095913 | G18: ='[1]2019 - 2020'!$M$20+'[1]2019 - 2020'!$M$21 -> 1.0362226e+10 | H18: ='[1]2019 - 2020'!$N$20+'[1]2019 - 2020'!$N$21 -> 7.0733899e+09 | I18: ='[1]2019 - 2020'!$G$20+'[1]2019 - 2020'!$G$21 -> 17435615801
B19: Sep | C19: =3915628636+1098256948 -> 5013885584 | D19: =251285915+294935386 -> 546221301 | E19: =-1647910553+225172722 -> -1422737831 | F19: =468981650+550445830 -> 1019427480 | G19: ='[1]2019 - 2020'!$M$23+'[1]2019 - 2020'!$M$24 -> 3594245146 | H19: ='[1]2019 - 2020'!$N$23+'[1]2019 - 2020'!$N$24 -> 1.5625514e+09 | I19: ='[1]2019 - 2020'!$G$23+'[1]2019 - 2020'!$G$24 -> 5156796534
B20: Okt | C20: =3902547543+1096891358 -> 4999438901 | D20: =340675201+305365703 -> 646040904 | E20: =-1491061631+242856404 -> -1248205227 | F20: =635811274+569912210 -> 1205723484 | G20: ='[1]2019 - 2020'!$M$26+'[1]2019 - 2020'!$M$27 -> 3753987178 | H20: ='[1]2019 - 2020'!$N$26+'[1]2019 - 2020'!$N$27 -> 1.8490109e+09 | I20: ='[1]2019 - 2020'!$G$26+'[1]2019 - 2020'!$G$27 -> 5602998061
B21: Nov | C21: =12118463128+2175267757 -> 14293730885 | D21: =-356312246+296236617 -> -60075629 | E21: =-2520259202+232101788 -> -2288157414 | F21: =-664995110+552774349 -> -112220761 | G21: ='[1]2019 - 2020'!$M$29+'[1]2019 - 2020'!$M$30 -> 1.2007869e+10 | H21: ='[1]2019 - 2020'!$N$29+'[1]2019 - 2020'!$N$30 -> -1.7449193e+08 | I21: ='[1]2019 - 2020'!$G$29+'[1]2019 - 2020'!$G$30 -> 11833377083
B22: Dec | C22: =2492257349 -> 2492257349 | D22: =-266922960 -> -266922960 | E22: =10892728833 -> 10892728833 | F22: =-498165487 -> -498165487 | G22: ='[1]2019 - 2020'!$M$32 -> 1.3384986e+10 | H22: ='[1]2019 - 2020'!$N$32 -> -7.6508845e+08 | I22: ='[1]2019 - 2020'!$G$32 -> 12619897735
B23: Pengembalian lebih | C23: ='selish kurng 2020'!D25 -> 1.0169731e+09 | D23: ='selish kurng 2020'!D26 -> 3.0789643e+08 | E23: ='selish kurng 2020'!E25 -> -5.7430316e+09 | F23: ='selish kurng 2020'!E26 -> 5.6968331e+08 | G23: ='[1]2019 - 2020'!$M$34 -> -4.7191279e+09 | H23: ='[1]2019 - 2020'!$N$34 -> 8.7054917e+08 | I23: ='[1]2019 - 2020'!$G$34 -> -3848578768
B24: Subtotal | C24: =SUM(C10:C23) -> 1.4706159e+11 | D24: =SUM(D10:D23) -> 3.6272703e+10 | E24: =SUM(E10:E23) -> 3.4498836e+10 | F24: =SUM(F10:F23) -> 6.7691668e+10 | G24: =SUM(G10:G23) -> 1.8160331e+11 | H24: =SUM(H10:H23) -> 1.0392149e+11 | I24: =SUM(I10:I23) -> 285524800749
B25: Total | C25: =C24+D24 -> 1.833343e+11 | E25: =E24+F24 -> 102190503598 | I25: =C25+E25-I24 -> -0.099975586
A27: 2021 | B27: UM | C27: 11344848120 | D27: 15655151880 | E27: 11344848120 | F27: 15655151880 | G27: ='[1]2021'!$L$3 -> 22689696240 | H27: ='[1]2021'!$M$3 -> 31310303760 | I27: ='[1]2021'!$F$3 -> 54000000000
B28: Jan | C28: =7545424678+832915325 -> 8378340003 | D28: =15545040283+1727220698 -> 17272260981 | E28: =9918720418+1080201959 -> 10998922377 | F28: =27471474031+3032728577 -> 30504202608 | G28: ='[1]2021'!$L$5+'[1]2021'!$L$6 -> 19404605659 | H28: ='[1]2021'!$M$5+'[1]2021'!$M$6 -> 47749126306 | I28: ='[1]2021'!$G$5+'[1]2021'!$G$6 -> 67153731965
B29: Feb
B30: Mar
B31: Apr
B32: Mei
B33: Jun | C33: =1709256437+188717416 -> 1897973853 | D33: =3137986984+341986859 -> 3479973843 | E33: =2133644049+226969096 -> 2360613145 | F33: =6304928885+673597921 -> 6978526806 | G33: ='[1]2021'!$L$8+'[1]2021'!$L$9 -> 4269889429 | H33: ='[1]2021'!$M$8+'[1]2021'!$M$9 -> 10447198218 | I33: ='[1]2021'!$F$10 -> 14717087647
B34: Jul | C34: =533522821+184494548 -> 718017369 | D34: =1563858598+347462004 -> 1911320602 | E34: =1262564470+264338847 -> 1526903317 | F34: =-1611529667+(-5361089) -> -1616890756 | G34: ='[1]2021'!$L$11+'[1]2021'!$L$12 -> 2247760282 | H34: ='[1]2021'!$M$11+'[1]2021'!$M$12 -> 291590250 | I34: ='[1]2021'!$F$13 -> 2539350532
B35: Aug | C35: =494954414+180309777 -> 675264191 | D35: =1569384017+348028405 -> 1917412422 | E35: =1119154113+248683365 -> 1367837478 | F35: =63194845+180664579 -> 243859424 | G35: ='[1]2021'!$L$14+'[1]2021'!$L$15 -> 2045562655 | H35: ='[1]2021'!$M$14+'[1]2021'!$M$15 -> 2158811860 | I35: ='[1]2021'!$F$16 -> 4204373515
B36: Sep | C36: =-637465544+179598160 -> -457867384 | D36: =192712+347913677 -> 348106389 | E36: =906017496+347276243 -> 1253293739 | F36: =1522938677+517107672 -> 2040046349 | G36: ='[1]2021'!$L$17+'[1]2021'!$L$18 -> 802606530 | H36: ='[1]2021'!$M$17+'[1]2021'!$M$18 -> 2380972563 | I36: ='[1]2021'!$F$19 -> 3183579093
B37: Okt | C37: =-585354162+184842808 -> -400511354 | D37: =-4356685+347408188 -> 343051503 | E37: =-179286529+227636146 -> 48349617 | F37: =3418665174+727743950 -> 4146409124 | G37: ='[1]2021'!$L$20+'[1]2021'!$L$21 -> -345385296 | H37: ='[1]2021'!$M$20+'[1]2021'!$M$21 -> 4482684186 | I37: ='[1]2021'!$F$22 -> 4137298890
B38: Nov | C38: =8221642238+1163480575 -> 9385122813 | D38: =9831998+348984708 -> 358816706 | E38: =2624706486+533787245 -> 3158493731 | F38: =4382822203+834872509 -> 5217694712 | G38: ='[1]2021'!$L$23+'[1]2021'!$L$24 -> 12555714054 | H38: ='[1]2021'!$M$23+'[1]2021'!$M$24 -> 5564413908 | I38: ='[1]2021'!$F$25 -> 18120127962
B39: Dec | C39: =46908941363 -> 46908941363 | D39: =-8519318+6663543 -> -1855775 | E39: =17909820003 -> 17909820003 | F39: =6003946975+5844256-3240995296 -> 2768795935 | G39: ='[1]2021'!$L$26 -> 64818761366 | H39: ='[1]2021'!$M$26 -> 2766940160 | I39: ='[1]2021'!$F$28 -> 67585701525
B40: Selisih kurang/lebih | C40: =153130154401-SUM(C27:C39) -> 74680025427 | D40: =41721384244-SUM(D27:D39) -> 437145693 | E40: =61680270750-SUM(E27:E39) -> 11711189223 | F40: =65341845470-SUM(F27:F39) -> -595950612 | G40: ='[1]2021'!$L$30 -> 10012061342 | H40: ='[1]2021'!$M$30 -> 5722664668 | I40: ='[1]2021'!$G$30 -> 15734726010
B41: Kekurangan subsidi TA 2021 | G41: ='[1]2021'!$L$33 -> 70497677723 | I41: ='[1]2021'!$G$33 -> 70497677723
B42: Subtotal | C42: =SUM(C27:C41) -> 153130154401 | D42: =SUM(D27:D41) -> 41721384244 | E42: =SUM(E27:E41) -> 61680270750 | F42: =SUM(F27:F41) -> 65341845470 | G42: =SUM(G27:G41) -> 208998949984 | H42: =SUM(H27:H41) -> 112874705879 | I42: =SUM(I27:I41) -> 321873654862
B43: Total | C43: =C42+D42 -> 194851538645 | E43: =E42+F42 -> 127022116220 | I43: =C43+E43-I42 -> 3
A45: 2022 | B45: UM | C45: {='[1]2022'!$S$3:$V$3} -> 14595165378 | D45: 8487322707 | E45: 22715422837 | F45: 26636499079 | G45: =C45+E45 -> 37310588215 | H45: =D45+F45 -> 35123821786 | I45: ='[1]2022'!$L$3 -> 72434410000
B46: Jan | C46: ='[1]2022'!$S$5+'[1]2022'!$S$6 -> 37668952491 | D46: ='[1]2022'!$T$5+'[1]2022'!$T$6 -> -12388478795 | E46: ='[1]2022'!$U$5+'[1]2022'!$U$6 -> 12242593531 | F46: ='[1]2022'!$V$5+'[1]2022'!$V$6 -> 55650489755 | G46: =C46+E46 -> 49911546022 | H46: =D46+F46 -> 43262010960 | I46: =G46+H46 -> 93173556982
B47: Feb
B48: Mar
B49: Apr
B50: Mei | C50: ='[1]2022'!$S$8+'[1]2022'!$S$9 -> 1975622468 | D50: ='[1]2022'!$T$8+'[1]2022'!$T$9 -> 3479338817 | E50: ='[1]2022'!$U$8+'[1]2022'!$U$9 -> 4931908506 | F50: ='[1]2022'!$V$8+'[1]2022'!$V$9 -> 12942655083 | G50: =C50+E50 -> 6907530974 | H50: =D50+F50 -> 16421993900 | I50: =G50+H50 -> 23329524874
B51: Jun | C51: ='[1]2022'!$S$11+'[1]2022'!$S$12 -> 1973114024 | D51: ='[1]2022'!$T$11+'[1]2022'!$T$12 -> 3500837958 | E51: ='[1]2022'!$U$11+'[1]2022'!$U$12 -> 5496387880 | F51: ='[1]2022'!$V$11+'[1]2022'!$V$12 -> 11939598869 | G51: =C51+E51 -> 7469501904 | H51: =D51+F51 -> 15440436827 | I51: =G51+H51 -> 22909938731
B52: Jul | C52: ='[1]2022'!$S$14+'[1]2022'!$S$15 -> 4510629107 | D52: ='[1]2022'!$T$14+'[1]2022'!$T$15 -> -1356611329 | E52: ='[1]2022'!$U$14+'[1]2022'!$U$15 -> 4039803796 | F52: ='[1]2022'!$V$14+'[1]2022'!$V$15 -> 5265625537 | G52: =C52+E52 -> 8550432903 | H52: =D52+F52 -> 3909014208 | I52: =G52+H52 -> 12459447111
B53: Aug | C53: ='[1]2022'!$S$17+'[1]2022'!$S$18 -> 13989187110 | D53: ='[1]2022'!$T$17+'[1]2022'!$T$18 -> -1360564717 | E53: ='[1]2022'!$U$17+'[1]2022'!$U$18 -> 2407062008 | F53: ='[1]2022'!$V$17+'[1]2022'!$V$18 -> 6937388545 | G53: =C53+E53 -> 16396249118 | H53: =D53+F53 -> 5576823828 | I53: =G53+H53 -> 21973072946
B54: Sep | C54: ='[1]2022'!$S$20+'[1]2022'!$S$21 -> 7.0661938e+09 | D54: ='[1]2022'!$T$20+'[1]2022'!$T$21 -> -6209745518 | E54: ='[1]2022'!$U$20+'[1]2022'!$U$21 -> 2518332273 | F54: ='[1]2022'!$V$20+'[1]2022'!$V$21 -> 5989196976 | G54: =C54+E54 -> 9.584526e+09 | H54: =D54+F54 -> -220548542 | I54: =G54+H54 -> 9.3639775e+09
B55: Okt | C55: ='[1]2022'!$S$23+'[1]2022'!$S$24 -> -358696966 | D55: ='[1]2022'!$T$23+'[1]2022'!$T$24 -> 1219803163 | E55: ='[1]2022'!$U$23+'[1]2022'!$U$24 -> 2981107075 | F55: ='[1]2022'!$V$23+'[1]2022'!$V$24 -> 9452899560 | G55: =C55+E55 -> 2622410109 | H55: =D55+F55 -> 10672702723 | I55: =G55+H55 -> 13295112832
B56: Nov | C56: ='[1]2022'!$S$26+'[1]2022'!$S$27 -> 39012710084 | D56: ='[1]2022'!$T$26+'[1]2022'!$T$27 -> 1221698911 | E56: ='[1]2022'!$U$26+'[1]2022'!$U$27 -> 7196436129 | F56: ='[1]2022'!$V$26+'[1]2022'!$V$27 -> 6244833332 | G56: =C56+E56 -> 46209146213 | H56: =D56+F56 -> 7466532243 | I56: =G56+H56 -> 53675678456
B57: Dec | C57: ='[1]2022'!$S$29 -> -556987317 | D57: ='[1]2022'!$T$29 -> 899234627 | E57: ='[1]2022'!$U$29 -> 23942421614 | F57: ='[1]2022'!$V$29 -> 5147291241 | G57: =C57+E57 -> 23385434297 | H57: =D57+F57 -> 6046525868 | I57: =G57+H57 -> 29431960165
B58: Kekurangan 2022 | C58: ='[1]2022'!$S$32 -> 46441290106 | G58: =C58+E58 -> 46441290106 | H58: =D58+F58 -> 0 | I58: =G58+H58 -> 46441290106
B59: Pengembalian dr LRTJ | C59: ='[1]2022'!$S$33 -> 1773736876 | G59: =C59+E59 -> 1773736876 | H59: =D59+F59 -> 0 | I59: =G59+H59 -> 1773736876
B60: Subtotal | C60: =SUM(C45:C59) -> 1.6809092e+11 | D60: =SUM(D45:D59) -> -2507164176 | E60: =SUM(E45:E59) -> 88471475649 | F60: =SUM(F45:F59) -> 146206477977 | G60: =SUM(G45:G59) -> 2.5656239e+11 | H60: =SUM(H45:H59) -> 143699313801 | I60: =SUM(I45:I59) -> 4.0026171e+11
B61: Total | C61: =C60+D60 -> 1.6558375e+11 | E61: =E60+F60 -> 234677953626 | I61: =C61+E61-I60 -> 1
A63: 2023 | B63: UM | C63: {='[2]2023'!$AG$3:$AJ$3} -> 1.0967694e+10 | D63: 9.0323057e+09 | E63: 2.7419236e+10 | F63: 2.2580764e+10 | G63: =C63+E63 -> 38386930189 | H63: =D63+F63 -> 31613069811 | I63: =G63+H63 -> 70000000000
B64: Jan | C64: {='[2]2023'!$AG$5:$AJ$5} -> 11625394114 | D64: 495052736 | E64: 2162741140 | F64: 12882021405 | G64: =C64+E64 -> 13788135254 | H64: =D64+F64 -> 13377074141 | I64: =G64+H64 -> 27165209395
B65: Feb | C65: {='[2]2023'!$AG$8:$AJ$8} -> 1733343345 | D65: 528446084 | E65: 3480648059 | F65: 12102670742 | G65: =C65+E65 -> 5213991404 | H65: =D65+F65 -> 12631116826 | I65: =G65+H65 -> 17845108230
B66: Mar | C66: {='[2]2023'!$AG$11:$AJ$11} -> 1175784106 | D66: 430843803 | E66: 7548622177 | F66: 13248919736 | G66: =C66+E66 -> 8724406283 | H66: =D66+F66 -> 13679763539 | I66: =G66+H66 -> 22404169822
B67: Apr | C67: {='[2]2023'!$AG$14:$AJ$14} -> 1195412384 | D67: 420759022 | E67: 5460117138 | F67: 10968593498 | G67: =C67+E67 -> 6655529522 | H67: =D67+F67 -> 11389352520 | I67: =G67+H67 -> 18044882042
B68: Mei | C68: {='[2]2023'!$AG$17:$AJ$17} -> 1.2100595e+09 | D68: 3.6434935e+08 | E68: 6.2122177e+09 | F68: 1.2549631e+10 | G68: =C68+E68 -> 7422277294 | H68: =D68+F68 -> 12913980455 | I68: =G68+H68 -> 20336257749
B69: Jun | C69: {='[2]2023'!$AG$20:$AJ$20} -> 1.8835012e+09 | D69: 4.7857471e+08 | E69: 5.0593784e+09 | F69: 1.2191016e+10 | G69: =C69+E69 -> 6942879633 | H69: =D69+F69 -> 12669590238 | I69: =G69+H69 -> 19612469871
B70: Jul | C70: {='[2]2023'!$AG$23:$AJ$23} -> 12004559187 | D70: -343817041 | E70: 4988904270 | F70: 10380590492 | G70: =C70+E70 -> 16993463457 | H70: =D70+F70 -> 10036773451 | I70: =G70+H70 -> 27030236908
B71: Aug | C71: {='[2]2023'!$AG$26:$AJ$26} -> 770791687 | D71: -408122507 | E71: 5909080414 | F71: 10576960670 | G71: =C71+E71 -> 6679872101 | H71: =D71+F71 -> 10168838163 | I71: =G71+H71 -> 16848710264
B72: Sep | C72: {='[2]2023'!$AG$29:$AJ$29} -> -293196300 | D72: 2390243863 | E72: 1083012243 | F72: 4306425759 | G72: =C72+E72 -> 789815943 | H72: =D72+F72 -> 6696669622 | I72: =G72+H72 -> 7486485565
B73: Okt | C73: {='[2]2023'!$AG$32:$AJ$32} -> -238960560 | D73: -1329546544 | E73: 6031390728 | F73: 9536243494 | G73: =C73+E73 -> 5792430168 | H73: =D73+F73 -> 8206696950 | I73: =G73+H73 -> 13999127118
B74: Nov | C74: {='[2]2023'!$AG$35:$AJ$35} -> 30970330050 | D74: -1408393570 | E74: 20719006026 | F74: 7824990583 | G74: =C74+E74 -> 51689336076 | H74: =D74+F74 -> 6416597013 | I74: =G74+H74 -> 58105933089
B75: Dec | C75: {='[2]2023'!$AG$38:$AJ$38} -> -167855344 | D75: -5146254245 | E75: 24377083090 | F75: 8091422423 | G75: =C75+E75 -> 24209227746 | H75: =D75+F75 -> 2945168178 | I75: =G75+H75 -> 27154395924
B76: Selisih/kurang | C76: {='[2]2023'!$AG$42:$AJ$42} -> 7.1059447e+10 | D76: 3.482492e+10 | E76: 0 | F76: 0 | G76: =C76+E76 -> 7.1059447e+10 | H76: =D76+F76 -> 3.482492e+10 | I76: =G76+H76 -> 105884366450
B77: Subtotal | C77: =SUM(C63:C76) -> 1.438963e+11 | D77: =SUM(D63:D76) -> 4.0329361e+10 | E77: =SUM(E63:E76) -> 1.2045144e+11 | F77: =SUM(F63:F76) -> 1.4724025e+11 | G77: =SUM(G63:G76) -> 2.6434774e+11 | H77: =SUM(H63:H76) -> 1.8756961e+11 | I77: =SUM(I63:I76) -> 451917352427
B78: Total | C78: =C77+D77 -> 1.8422567e+11 | E78: =E77+F77 -> 2.6769169e+11 | I78: =C78+E78-I77 -> 0
A80: 2024 | B80: UM | C80: ='[3]2024'!$AJ$3 -> 7.9988111e+09 | D80: ='[3]2024'!$AK$3 -> 1.1556565e+09 | E80: ='[3]2024'!$AL$3 -> 2.3395211e+10 | F80: ='[3]2024'!$AM$3 -> 2.6728536e+10 | G80: =C80+E80 -> 3.1394022e+10 | H80: =D80+F80 -> 2.7884192e+10 | I80: =G80+H80 -> 5.9278214e+10
B81: Jan | C81: ='[3]2024'!$AJ$5 -> 2009959904 | D81: ='[3]2024'!$AK$5 -> 417262103 | E81: ='[3]2024'!$AL$5 -> 2382559166 | F81: ='[3]2024'!$AM$5 -> 1.154137e+10 | G81: =C81+E81 -> 4392519070 | H81: =D81+F81 -> 1.1958632e+10 | I81: =G81+H81 -> 1.6351151e+10
B82: Feb | C82: {='[3]2024'!$AJ$8:$AM$8} -> 2036707323 | D82: 455478623 | E82: 7229988719 | F82: 10851918836 | G82: =C82+E82 -> 9266696042 | H82: =D82+F82 -> 11307397459 | I82: =G82+H82 -> 20574093501
B83: Mar | C83: {='[3]2024'!$AJ$11:$AM$11} -> 1924613654 | D83: 436070952 | E83: 8740915594 | F83: 10874974416 | G83: =C83+E83 -> 10665529248 | H83: =D83+F83 -> 11311045368 | I83: =G83+H83 -> 21976574616
B84: Apr | C84: {='[3]2024'!$AJ$14:$AM$14} -> 2030185626 | D84: 418378666 | E84: 4591078699 | F84: 10422988852 | G84: =C84+E84 -> 6621264325 | H84: =D84+F84 -> 10841367518 | I84: =G84+H84 -> 17462631843
B85: Mei | C85: {='[3]2024'!$AJ$17:$AM$17} -> 2072768308 | D85: 459433580 | E85: 3860822948 | F85: 11100616321 | G85: =C85+E85 -> 5933591256 | H85: =D85+F85 -> 11560049901 | I85: =G85+H85 -> 17493641157
B86: Jun | C86: {='[3]2024'!$AJ$20:$AM$20} -> 1371210422 | D86: 357578104 | E86: 9701663703 | F86: 11487381908 | G86: =C86+E86 -> 11072874125 | H86: =D86+F86 -> 11844960012 | I86: =G86+H86 -> 22917834137
B87: Jul | C87: {='[3]2024'!$AJ$23:$AM$23} -> 12314185685 | D87: 288347582 | E87: 1518208312 | F87: 9375542415 | G87: =C87+E87 -> 13832393997 | H87: =D87+F87 -> 9663889997 | I87: =G87+H87 -> 23496283994
B88: Aug | C88: {='[3]2024'!$AJ$26:$AM$26} -> 699269061 | D88: 43825995 | E88: 3729043684 | F88: 8768651546 | G88: =C88+E88 -> 4428312745 | H88: =D88+F88 -> 8812477541 | I88: =G88+H88 -> 13240790286
B89: Sep | C89: {='[3]2024'!$AJ$29:$AM$29} -> 0 | D89: 0 | E89: 3192684106 | F89: 5720501804 | G89: =C89+E89 -> 3192684106 | H89: =D89+F89 -> 5720501804 | I89: =G89+H89 -> 8913185910
B90: Okt | C90: {='[3]2024'!$AJ$32:$AM$32} -> 0 | D90: 0 | E90: -320640540 | F90: 6330861420 | G90: =C90+E90 -> -320640540 | H90: =D90+F90 -> 6330861420 | I90: =G90+H90 -> 6010220880
B91: Nov | C91: {='[3]2024'!$AJ$35:$AM$35} -> 106841817493 | D91: 36570961421 | E91: 14709766533 | F91: 6710787522 | G91: =C91+E91 -> 121551584026 | H91: =D91+F91 -> 43281748943 | I91: =G91+H91 -> 164833332969
B92: Dec | C92: {='[3]2024'!$AJ$38:$AM$38} -> 9058747468 | D92: 2923860135 | E92: 29622172566 | F92: 4999390281 | G92: =C92+E92 -> 38680920034 | H92: =D92+F92 -> 7923250416 | I92: =G92+H92 -> 46604170450
B93: Selisih/kurang | C93: {='[3]2024'!$AJ$41:$AM$41} -> 1647751857 | D93: -194308632 | E93: 5843063651 | F93: -5175988449 | G93: =C93+E93 -> 7490815508 | H93: =D93+F93 -> -5370297081 | I93: =G93+H93 -> 2120518427
B94: Subtotal | C94: =SUM(C80:C93) -> 1.5000603e+11 | D94: =SUM(D80:D93) -> 4.3332545e+10 | E94: =SUM(E80:E93) -> 1.1819654e+11 | F94: =SUM(F80:F93) -> 1.2973753e+11 | G94: =SUM(G80:G93) -> 2.6820257e+11 | H94: =SUM(H80:H93) -> 1.7307008e+11 | I94: =SUM(I80:I93) -> 4.4127264e+11
B95: Total | C95: =C94+D94 -> 1.9333857e+11 | E95: =E94+F94 -> 2.4793407e+11 | I95: =C95+E95-I94 -> 0
A97: 2025 | B97: UM | C97: {='[4]2025'!$AA$4:$AB$4} -> 4569540171 | D97: 1096266645 | E97: {='[4]2025'!$W$4:$X$4} -> 21991395667 | F97: 32006451881 | G97: =C97+E97 -> 26560935838 | H97: =D97+F97 -> 33102718526 | I97: =G97+H97 -> 59663654364
B98: Jan | C98: {='[4]2025'!$AA$6:$AB$6} -> 1.5616055e+09 | D98: 4.4105337e+08 | E98: {='[4]2025'!$W$6:$X$6} -> 2.5712745e+09 | F98: 1.2751874e+10 | G98: =C98+E98 -> 4.1328801e+09 | H98: =D98+F98 -> 13192927243 | I98: =G98+H98 -> 1.7325807e+10
B99: Feb | C99: {='[4]2025'!$AA$9:$AB$9} -> 1.5386883e+09 | D99: 4.3692711e+08 | E99: {='[4]2025'!$W$9:$X$9} -> 2.7283242e+09 | F99: 1.1680451e+10 | G99: =C99+E99 -> 4.2670126e+09 | H99: =D99+F99 -> 12117377645 | I99: =G99+H99 -> 1.638439e+10
B100: Mar | C100: {='[4]2025'!$AA$12:$AB$12} -> 1.4193817e+09 | D100: 3.7638829e+08 | E100: {='[4]2025'!$W$12:$X$12} -> 7.8946054e+09 | F100: 1.1452527e+10 | G100: =C100+E100 -> 9.3139871e+09 | H100: =D100+F100 -> 11828914926 | I100: =G100+H100 -> 2.1142902e+10
B101: Apr | C101: {='[4]2025'!$AA$15:$AB$15} -> 1.61854e+09 | D101: 4.2056955e+08 | E101: {='[4]2025'!$W$15:$X$15} -> 4.8537149e+09 | F101: 1.2922938e+10 | G101: =C101+E101 -> 6.4722549e+09 | H101: =D101+F101 -> 13343507377 | I101: =G101+H101 -> 1.9815762e+10
B102: Mei | C102: {='[4]2025'!$AA$18:$AB$18} -> 1580433357 | D102: 397496687 | E102: {='[4]2025'!$W$18:$X$18} -> 3.0257871e+09 | F102: 1.2457152e+10 | G102: =C102+E102 -> 4.6062204e+09 | H102: =D102+F102 -> 1.2854649e+10 | I102: =G102+H102 -> 1.7460869e+10
B103: Jun | C103: {='[4]2025'!$AA$21:$AB$21} -> 1648687253 | D103: 421192054 | E103: {='[4]2025'!$W$21:$X$21} -> 8.4564466e+09 | F103: 1.2288322e+10 | G103: =C103+E103 -> 1.0105134e+10 | H103: =D103+F103 -> 1.2709514e+10 | I103: =G103+H103 -> 2.2814648e+10
B104: Jul | C104: {='[4]2025'!$AA$24:$AB$24} -> 1217544874 | D104: 214967468 | E104: {='[4]2025'!$W$24:$X$24} -> 7.7280351e+09 | F104: 1.1851594e+10 | G104: =C104+E104 -> 8.9455799e+09 | H104: =D104+F104 -> 1.2066561e+10 | I104: =G104+H104 -> 2.1012141e+10
B105: Aug | C105: {='[4]2025'!$AA$27:$AB$27} -> 1.3034774e+09 | D105: 2.7989356e+08 | E105: {='[4]2025'!$W$27:$X$27} -> 3.7289146e+09 | F105: 1.1829699e+10 | G105: =C105+E105 -> 5.032392e+09 | H105: =D105+F105 -> 1.2109593e+10 | I105: =G105+H105 -> 1.7141985e+10
B106: Sep | C106: {='[4]2025'!$AA$30:$AB$30} -> 500542320 | D106: 166508327 | E106: {='[4]2025'!$W$30:$X$30} -> 3.3993872e+09 | F106: 7.3339819e+09 | G106: =C106+E106 -> 3.8999296e+09 | H106: =D106+F106 -> 7.5004903e+09 | I106: =G106+H106 -> 1.140042e+10
B107: Okt | C107: {='[4]2025'!$AA$33:$AB$33} -> 1.0838272e+11 | D107: 3.2352697e+10 | E107: {='[4]2025'!$W$33:$X$33} -> 1.976807e+10 | F107: 9.3572349e+09 | G107: =C107+E107 -> 1.2815079e+11 | H107: =D107+F107 -> 4.1709932e+10 | I107: =G107+H107 -> 1.6986072e+11
...

Sheet kebut - real
B2: Periode Tahun | D2: Tanggal Perjanjian | E2: Nilai Kebutuhan | F2: Nilai Perjanjian / DPA | G2: Realisasi Pencairan | H2: Tgl Penagihan | I2: Tgl Pencairan | J2: selisih penciaran | K2: Keterangan
B3: 2019 | D3: 43809 | F3: 29727272727 | G3: 21182200781 | H3: 43812 | I3: 43819 | J3: =I3-H3 -> 7 | K3: biaya Prasarana tidak terverif 100%
B4: 2020 | D4: 43969 | E4: =241775637127+174157492155 -> 415933129282 | F4: 415933129282 | G4: 285524800749 | K4: Nilai Kebutuhan: BA Verif Pengusulan Subsidi 2020 - 3 Maret 2020 Nilai Perjanjian NO 2272/-1.811.3 tgl 18 Mei 2020 DPA 439.620.000.000
C5: Uang Muka | G5: ='[1]2019 - 2020'!$G$10 -> 83186625856 | H5: ='[1]2019 - 2020'!$D$9 -> 43980 | I5: ='[1]2019 - 2020'!$H$10 -> 44008 | J5: =I5-H5 -> 28
C6: Jan - Mei | G6: ='[1]2019 - 2020'!$G$11+'[1]2019 - 2020'!$G$12 -> 111524384110 | H6: ='[1]2019 - 2020'!$D$11 -> 44012 | I6: 44098 | J6: =I6-H6 -> 86
C7: Jun | G7: ='[1]2019 - 2020'!$G$14+'[1]2019 - 2020'!$G$15 -> 23336691033 | H7: ='[1]2019 - 2020'!$D$14 -> 44071 | I7: ='[1]2019 - 2020'!$H$14 -> 44194 | J7: =I7-H7 -> 123 | K7: pencairan dilakukan bersamaan periode Jun - Agust
C8: Jul | G8: ='[1]2019 - 2020'!$G$17+'[1]2019 - 2020'!$G$18 -> 18676993304 | H8: ='[1]2019 - 2020'!$D$17 -> 44102 | I8: ='[1]2019 - 2020'!$H$17 -> 44194 | J8: =I8-H8 -> 92
C9: Aug | G9: ='[1]2019 - 2020'!$G$20+'[1]2019 - 2020'!$G$21 -> 17435615801 | H9: ='[1]2019 - 2020'!$D$20 -> 44149 | I9: ='[1]2019 - 2020'!$H$20 -> 44194 | J9: =I9-H9 -> 45
C10: Sep | G10: ='[1]2019 - 2020'!$G$23+'[1]2019 - 2020'!$G$24 -> 5156796534 | H10: ='[1]2019 - 2020'!$D$23 -> 44173 | I10: ='[1]2019 - 2020'!$H$23 -> 44195 | J10: =I10-H10 -> 22
C11: Okt | G11: ='[1]2019 - 2020'!$G$26+'[1]2019 - 2020'!$G$27 -> 5602998061 | H11: ='[1]2019 - 2020'!$D$26 -> 44175 | I11: ='[1]2019 - 2020'!$H$26 -> 44195 | J11: =I11-H11 -> 20
C12: Nov | G12: ='[1]2019 - 2020'!$G$29+'[1]2019 - 2020'!$G$30 -> 11833377083 | H12: ='[1]2019 - 2020'!$D$29 -> 44182 | I12: ='[1]2019 - 2020'!$H$29 -> 44195 | J12: =I12-H12 -> 13
C13: Dec | G13: ='[1]2019 - 2020'!$G$32 -> 12619897735 | H13: ='[1]2019 - 2020'!$D$32 -> 44182 | I13: ='[1]2019 - 2020'!$H$32 -> 44195 | J13: =I13-H13 -> 13
C14: Selisih Lebih | G14: ='[1]2019 - 2020'!$E$34 -> -3848578768 | K14: pengembalian kelebihan subsidi
B15: 2021 | D15: 44368 | E15: =112487557423+228812523458 -> 341300080881 | F15: =270000000000+70497677723 -> 340497677723 | G15: ='[1]2021'!$G$36 -> 321873654862 | K15: - Kebutuhan; BA Addendum 10 Des 2021 '-Perjanjian ; 52/-1.811.3 tgl 21 Juni 2021 & DPA, addendum merubah porsi prasarana - sarana, Utang subsidi 70.497.677.723 (Addendum th 2022 -31 Des 2022)
C16: Uang Muka | G16: ='[1]2021'!$G$3 -> 54000000000 | H16: ='[1]2021'!$D$3 -> 44368 | I16: ='[1]2021'!$H$3 -> 44384 | J16: =I16-H16 -> 16
C17: Jan - Mei | G17: ='[1]2021'!$G$5+'[1]2021'!$G$6 -> 67153731965 | H17: ='[1]2021'!$D$5 -> 44439 | I17: ='[1]2021'!$H$5 -> 44455 | J17: =I17-H17 -> 16
C18: Jun | G18: ='[1]2021'!$E$8+'[1]2021'!$E$9 -> 14717087647 | H18: ='[1]2021'!$D$8 -> 44462 | I18: 44537 | J18: =I18-H18 -> 75
C19: Jul | G19: ='[1]2021'!$E$11+'[1]2021'!$E$12 -> 2539350532 | H19: ='[1]2021'!$D$11 -> 44462 | I19: 44537 | J19: =I19-H19 -> 75
C20: Aug | G20: ='[1]2021'!$E$14+'[1]2021'!$E$15 -> 4204373515 | H20: ='[1]2021'!$D$14 -> 44487 | I20: 44537 | J20: =I20-H20 -> 50
C21: Sep | G21: ='[1]2021'!$E$17+'[1]2021'!$E$18 -> 3183579093 | H21: ='[1]2021'!$D$17 -> 44519 | I21: 44558 | J21: =I21-H21 -> 39
C22: Okt | G22: ='[1]2021'!$E$20+'[1]2021'!$E$21 -> 4137298890 | H22: ='[1]2021'!$D$20 -> 44544 | I22: 44558 | J22: =I22-H22 -> 14
C23: Nov | G23: ='[1]2021'!$E$23+'[1]2021'!$E$24 -> 18120127962 | H23: ='[1]2021'!$D$23 -> 44547 | I23: 44558 | J23: =I23-H23 -> 11
C24: Dec | G24: ='[1]2021'!$E$26 -> 67585701525 | H24: ='[1]2021'!$D$26 -> 44547 | I24: 44558 | J24: =I24-H24 -> 11
C25: Selisih Kurang | G25: ='[1]2021'!$F$30+'[1]2021'!$F$33 -> 86232403733 | H25: ='[1]2021'!$D$30 -> 44895 | I25: ='[1]2021'!$H$30 -> 44910 | J25: =I25-H25 -> 15 | K25: penyesuaian subsidi Jan - Nov
B26: 2022 | D26: 44673 | E26: =180919133395+278202865470 -> 459121998865 | F26: =362172050000+46441290106 -> 408613340106 | G26: 400261726561 | K26: - Kebutuhan ; BA Proposal 30 maret 2022 '- Perjanjian; Perjanjian 22 Apr 2022 & DPA-P utang 2022 = 46.441.290.106
C27: Uang Muka | G27: ='[1]2022'!$L$3 -> 72434410000 | H27: ='[1]2022'!$E$3 -> 44673 | I27: ='[1]2022'!$M$3 -> 44679 | J27: =I27-H27 -> 6
C28: Jan - Apr | G28: ='[1]2022'!$K$5+'[1]2022'!$K$6 -> 93173556982 | H28: ='[1]2022'!$E$5 -> 44721 | I28: 44739 | J28: =I28-H28 -> 18
C29: Mei | G29: ='[1]2022'!$L$8 -> 23329524874 | H29: ='[1]2022'!$E$8 -> 44747 | I29: ='[1]2022'!$M$8 -> 44770 | J29: =I29-H29 -> 23
C30: Jun | G30: ='[1]2022'!$L$11 -> 22909938731 | H30: ='[1]2022'!$E$11 -> 44789 | I30: ='[1]2022'!$M$11 -> 44805 | J30: =I30-H30 -> 16
C31: Jul | G31: ='[1]2022'!$L$14 -> 12459447111 | H31: ='[1]2022'!$E$14 -> 44833 | I31: ='[1]2022'!$M$14 -> 44846 | J31: =I31-H31 -> 13
C32: Aug | G32: ='[1]2022'!$L$17 -> 21973072946 | H32: ='[1]2022'!$E$17 -> 44834 | I32: ='[1]2022'!$M$17 -> 44845 | J32: =I32-H32 -> 11
C33: Sep | G33: ='[1]2022'!$L$20 -> 9.3639775e+09 | H33: ='[1]2022'!$E$20 -> 44869 | I33: ='[1]2022'!$M$20 -> 44887 | J33: =I33-H33 -> 18
C34: Okt | G34: ='[1]2022'!$L$23 -> 1.3295133e+10 | H34: ='[1]2022'!$E$23 -> 44897 | I34: ='[1]2022'!$M$23 -> 44909 | J34: =I34-H34 -> 12
C35: Nov | G35: ='[1]2022'!$L$26 -> 5.3675678e+10 | H35: ='[1]2022'!$E$26 -> 44911 | I35: ='[1]2022'!$M$26 -> 44923 | J35: =I35-H35 -> 12
C36: Dec | G36: ='[1]2022'!$L$29 -> 29431960165 | H36: ='[1]2022'!$E$29 -> 44911 | I36: ='[1]2022'!$M$29 -> 44923 | J36: =I36-H36 -> 12
C37: Selisih Kurang | G37: ='[1]2022'!$L$32 -> 46441290106 | H37: ='[1]2022'!$E$32 -> 45266 | I37: ='[1]2022'!$M$32 -> 45278 | J37: =I37-H37 -> 12
C38: Selisih lebih PTLRTJ | G38: ='[1]2022'!$L$33 -> 1773736876 | H38: ='[1]2022'!$E$33 -> 45484 | I38: ='[1]2022'!$M$33 -> 45497 | J38: =I38-H38 -> 13
B39: 2023 | D39: 45030 | E39: 506990038251 | F39: =350000000000+105884366450 -> 455884366450 | G39: ='[2]2023'!$S$48 -> 4.5191735e+11 | K39: - kebutuhan; perjanjian 14 Apr 2023 - perjanjian; addendum 6 des 2023 + DPA-P utang 2023 = 105.884.366.450
C40: Uang Muka | G40: ='[2]2023'!$R$3 -> 70000000000 | H40: ='[2]2023'!$K$3 -> 45033 | I40: ='[2]2023'!$T$3 -> 45071 | J40: =I40-H40 -> 38
C41: Jan | G41: ='[2]2023'!$Q$5 -> 27165209395 | H41: 45096 | I41: 45111 | J41: =I41-H41 -> 15
C42: Feb | G42: ='[2]2023'!$Q$8 -> 17845108230 | H42: 45096 | I42: 45111 | J42: =I42-H42 -> 15
C43: Mar | G43: ='[2]2023'!$Q$11 -> 22404169822 | H43: 45096 | I43: 45111 | J43: =I43-H43 -> 15
C44: Apr | G44: ='[2]2023'!$Q$14 -> 18044882042 | H44: 45096 | I44: 45111 | J44: =I44-H44 -> 15
C45: Mei | G45: ='[2]2023'!$Q$17 -> 20336257749 | H45: ='[2]2023'!$K$17 -> 45127 | I45: ='[2]2023'!$T$17 -> 45141 | J45: =I45-H45 -> 14
C46: Jun | G46: ='[2]2023'!$Q$20 -> 19612469871 | H46: ='[2]2023'!$K$20 -> 45161 | I46: ='[2]2023'!$T$20 -> 45174 | J46: =I46-H46 -> 13
C47: Jul | G47: ='[2]2023'!$Q$23 -> 27030236908 | H47: ='[2]2023'!$K$23 -> 45187 | I47: ='[2]2023'!$T$23 -> 45196 | J47: =I47-H47 -> 9
C48: Aug | G48: ='[2]2023'!$Q$26 -> 16848710264 | H48: ='[2]2023'!$K$26 -> 45208 | I48: ='[2]2023'!$T$26 -> 45215 | J48: =I48-H48 -> 7
C49: Sep | G49: ='[2]2023'!$Q$29 -> 7486485564 | H49: ='[2]2023'!$K$29 -> 45237 | I49: ='[2]2023'!$T$29 -> 45247 | J49: =I49-H49 -> 10
C50: Okt | G50: ='[2]2023'!$Q$32 -> 13999127118 | H50: ='[2]2023'!$K$32 -> 45266 | I50: ='[2]2023'!$T$32 -> 45273 | J50: =I50-H50 -> 7
C51: Nov | G51: ='[2]2023'!$Q$35 -> 58105933090 | H51: ='[2]2023'!$K$35 -> 45275 | I51: ='[2]2023'!$T$35 -> 45282 | J51: =I51-H51 -> 7
C52: Dec | G52: ='[2]2023'!$Q$38 -> 2.7154396e+10 | H52: ='[2]2023'!$K$38 -> 45275 | I52: ='[2]2023'!$T$38 -> 45282 | J52: =I52-H52 -> 7
C53: Selisih Kurang | G53: ='[2]2023'!$Q$42 -> 105884366450 | H53: ='[2]2023'!$K$42 -> 45621 | I53: ='[2]2023'!$T$42 -> 45637 | J53: =I53-H53 -> 16
B54: 2024 | D54: 45397 | E54: 505036271211 | F54: 458133380226 | G54: 441272643260 | K54: - kebutuhan; perjanjian 5 Apr 2024 '- perjanjian; Addendum 25 Nov 2024
C55: Uang Muka | G55: ='[3]2024'!$Q$3 -> 59278214365 | H55: 45405 | I55: 45419 | J55: =I55-H55 -> 14
C56: Jan | G56: ='[3]2024'!$Q$5 -> 16351150727 | H56: ='[3]2024'!$K$5 -> 45464 | I56: 45483 | J56: =I56-H56 -> 19
C57: Feb | G57: ='[3]2024'!$Q$8 -> 20574093500 | H57: ='[3]2024'!$K$8 -> 45464 | I57: 45483 | J57: =I57-H57 -> 19
C58: Mar | G58: ='[3]2024'!$Q$11 -> 21976574616 | H58: ='[3]2024'!$K$11 -> 45464 | I58: 45483 | J58: =I58-H58 -> 19
C59: Apr | G59: ='[3]2024'!$Q$14 -> 17462631844 | H59: ='[3]2024'!$K$14 -> 45464 | I59: 45483 | J59: =I59-H59 -> 19
C60: Mei | G60: ='[3]2024'!$Q$17 -> 17493641157 | H60: ='[3]2024'!$K$17 -> 45491 | I60: 45505 | J60: =I60-H60 -> 14
C61: Jun | G61: ='[3]2024'!$Q$20 -> 22917834138 | H61: ='[3]2024'!$K$20 -> 45512 | I61: ='[3]2024'!$T$20 -> 45533 | J61: =I61-H61 -> 21
C62: Jul | G62: ='[3]2024'!$Q$23 -> 23496283994 | H62: ='[3]2024'!$K$23 -> 45545 | I62: ='[3]2024'!$T$23 -> 45562 | J62: =I62-H62 -> 17
C63: Aug | G63: ='[3]2024'!$Q$26 -> 13240790285 | H63: ='[3]2024'!$K$26 -> 45581 | I63: ='[3]2024'!$T$26 -> 45610 | J63: =I63-H63 -> 29
C64: Sep | G64: ='[3]2024'!$Q$29 -> 8913185910 | H64: ='[3]2024'!$K$29 -> 45614 | I64: ='[3]2024'!$T$29 -> 45627 | J64: =I64-H64 -> 13
C65: Okt | G65: ='[3]2024'!$Q$32 -> 6010220880 | H65: ='[3]2024'!$K$32 -> 45630 | I65: ='[3]2024'!$T$32 -> 45637 | J65: =I65-H65 -> 7
C66: Nov | G66: ='[3]2024'!$Q$35 -> 164833332969 | H66: ='[3]2024'!$K$35 -> 45639 | I66: ='[3]2024'!$T$35 -> 45646 | J66: =I66-H66 -> 7
C67: Dec | G67: ='[3]2024'!$Q$38 -> 4.660417e+10 | H67: ='[3]2024'!$K$38 -> 45639 | I67: ='[3]2024'!$T$38 -> 45646 | J67: =I67-H67 -> 7
C68: Selisih Kurang | G68: ='[3]2024'!$Q$41 -> 2120518427 | H68: ='[3]2024'!$K$41 -> 45979 | I68: ='[3]2024'!$T$41 -> 46001 | J68: =I68-H68 -> 22
B69: 2025 | D69: 45813 | E69: 513025754522 | F69: 495451709641 | G69: ='[4]2025'!$U$48 -> 4.6608485e+11 | K69: - kebutuhan; perjanjian 5 Juni 2025 '- perjanjian : 5 November 2025
C70: Uang Muka | G70: ='[4]2025'!$U$4 -> 59663654364 | H70: ='[4]2025'!$K$4 -> 45819 | I70: ='[4]2025'!$V$4 -> 45853 | J70: =I70-H70 -> 34
C71: Jan | G71: ='[4]2025'!$S$6 -> 17325807312 | H71: ='[4]2025'!$K$6 -> 45859 | I71: ='[4]2025'!$V$15 -> 45867 | J71: =I71-H71 -> 8
C72: Feb | G72: ='[4]2025'!$S$9 -> 16384390235 | H72: ='[4]2025'!$K$9 -> 45859 | I72: =I71 -> 45867 | J72: =I72-H72 -> 8
C73: Mar | G73: ='[4]2025'!$S$12 -> 21142902033 | H73: ='[4]2025'!$K$12 -> 45859 | I73: =I72 -> 45867 | J73: =I73-H73 -> 8
C74: Apr | G74: ='[4]2025'!$S$15 -> 19815762294 | H74: ='[4]2025'!$K$15 -> 45859 | I74: =I73 -> 45867 | J74: =I74-H74 -> 8
C75: Mei | G75: ='[4]2025'!$S$18 -> 17460869470 | H75: ='[4]2025'!$K$18 -> 45880 | I75: ='[4]2025'!$V$18 -> 45909 | J75: =I75-H75 -> 29
C76: Jun | G76: ='[4]2025'!$S$21 -> 22814647872 | H76: ='[4]2025'!$K$21 -> 45880 | I76: ='[4]2025'!$V$21 -> 45909 | J76: =I76-H76 -> 29
C77: Jul | G77: ='[4]2025'!$S$24 -> 2.1012141e+10 | H77: ='[4]2025'!$K$24 -> 45915 | I77: ='[4]2025'!$V$24 -> 45938 | J77: =I77-H77 -> 23
C78: Aug | G78: ='[4]2025'!$S$27 -> 17141984714 | H78: ='[4]2025'!$K$27 -> 45945 | I78: ='[4]2025'!$V$27 -> 45966 | J78: =I78-H78 -> 21
C79: Sep | G79: ='[4]2025'!$S$30 -> 11400419811 | H79: ='[4]2025'!$K$30 -> 45979 | I79: ='[4]2025'!$V$30 -> 45989 | J79: =I79-H79 -> 10
C80: Okt | G80: ='[4]2025'!$S$33 -> 169860720449 | H80: ='[4]2025'!$K$33 -> 45999 | I80: ='[4]2025'!$V$33 -> 46010 | J80: =I80-H80 -> 11
C81: Nov | G81: ='[4]2025'!$S$36 -> 26783726465 | H81: ='[4]2025'!$K$36 -> 46003 | I81: ='[4]2025'!$V$36 -> 46015 | J81: =I81-H81 -> 12
C82: Dec | G82: ='[4]2025'!$S$39 -> 5.2568969e+10 | H82: ='[4]2025'!$K$39 -> 46003 | I82: ='[4]2025'!$V$39 -> 46015 | J82: =I82-H82 -> 12
C83: Selisih Lebih | G83: ='[4]2025'!$S$44 -> -7.2911437e+09 | H83: ='[4]2025'!$K$44 -> 46177 | I83: ='[4]2025'!$V$44 -> 46192 | J83: =I83-H83 -> 15
B84: 2026 | D84: 46140 | E84: 544271785466 | F84: 325287772942
C85: Uang Muka | G85: ='[5]2026'!$P$3 -> 6.5057555e+10 | H85: ='[5]2026'!$K$3 -> 46160 | I85: ='[5]2026'!$Q$3 -> 46175 | J85: =I85-H85 -> 15
C86: Jan
C87: Feb
C88: Mar
C89: Apr
C90: Mei
C91: Jun
C92: Jul
C93: Aug
C94: Sep
C95: Okt
C96: Nov
C97: Dec
C98: Selisih Lebih
E101: =E3+E4+E15+E26+E39+E54+E69 -> 2741407273012 | F101: =F3+F4+F15+F26+F39+F54+F69 -> 2604240876155 | G101: =G3+G4+G15+G26+G39+G54+G69 -> 2.3881172e+12
G102: =G101/F101 -> 0.91701088

Sheet selish kurng 2020
A1: Selish Kurang 2020
C2: total | D2: Jakpro | E2: LRT
A3: terverif | B3: Prasarana | C3: =D3+E3 -> 20754740097 | D3: 10975062255 | E3: =9779677842 -> 9779677842
B4: Sarana | C4: =D4+E4 -> 8825317956 | D4: 3078964271 | E4: 5746353685
C6: =D6+E6 -> 83186625856 | D6: ='[1]2019 - 2020'!$J$9 -> 42015270308 | E6: ='[1]2019 - 2020'!$I$9 -> 41171355548
A7: UM | B7: Prasarana | C7: =D7+E7 -> 4.8355127e+10 | D7: =149316635453*20% -> 2.9863327e+10 | E7: 18491800335
B8: Sarana | C8: =D8+E8 -> 3.4831498e+10 | D8: =60759816089*20% -> 1.2151963e+10 | E8: 22679535213
A10: 25% UM | B10: Prasarana | C10: =D10+E10 -> 1.2088782e+10 | D10: =D7*25% -> 7.4658318e+09 | E10: =E7*25% -> 4.6229501e+09
B11: Sarana | C11: =D11+E11 -> 8.7078746e+09 | D11: =D8*25% -> 3.0379908e+09 | E11: =E8*25% -> 5.6698838e+09
A13: sanksi | B13: Prasarana | C13: 7030562 | E13: =C13 -> 7030562
B14: Sarana | C14: 4952060 | E14: =C14 -> 4952060
A17: total nilai verif | B17: Prasarana | C17: =C3-C10-C13 -> 8.6589277e+09 | D17: =D3-D10-D13 -> 3.5092305e+09 | E17: =E3-E10-E13 -> 5.1496972e+09
B18: Sarana | C18: =C4-C11-C14 -> 1.1249129e+08 | D18: =D4-D11-D14 -> 40973467 | E18: =E4-E11-E14 -> 71517822
B19: Total | C19: =C17+C18 -> 8.771419e+09 | D19: =D17+D18 -> 3.5502039e+09 | E19: =E17+E18 -> 5221215018
A21: pencairan 90% des | B21: Prasarana | C21: =D21+E21 -> 13384986182 | D21: ='sum pra sar'!C22 -> 2492257349 | E21: ='sum pra sar'!E22 -> 10892728833
B22: Sarana | C22: =D22+E22 -> -765088447 | D22: ='sum pra sar'!D22 -> -266922960 | E22: ='sum pra sar'!F22 -> -498165487
B23: Total | C23: =D23+E23 -> 12619897735 | D23: =D21+D22 -> 2225334389 | E23: =E21+E22 -> 10394563346
A25: selisih kurang lebih | B25: Prasarana | C25: =D25+E25 -> -4.7260585e+09 | D25: =D17-D21 -> 1.0169731e+09 | E25: =E17-E21 -> -5.7430316e+09
B26: Sarana | C26: =D26+E26 -> 8.7757974e+08 | D26: =D18-D22 -> 3.0789643e+08 | E26: =E18-E22 -> 5.6968331e+08
B27: Total | C27: =D27+E27 -> -3.8484788e+09 | D27: =D25+D26 -> 1.3248696e+09 | E27: =E25+E26 -> -5173348328

Sheet selish kurng 2021
A1: Selish Kurang 2020
C2: total | D2: Jakpro | E2: LRT
A3: terverif | B3: Prasarana | C3: =D3+E3 -> 0
B4: Sarana | C4: =D4+E4 -> 0
C6: =D6+E6 -> 83186625856 | D6: ='[1]2019 - 2020'!$J$9 -> 42015270308 | E6: ='[1]2019 - 2020'!$I$9 -> 41171355548
A7: UM | B7: Prasarana | C7: =D7+E7 -> 0
B8: Sarana | C8: =D8+E8 -> 0
A10: 25% UM | B10: Prasarana | C10: =D10+E10 -> 0 | D10: =D7*25% -> 0 | E10: =E7*25% -> 0
B11: Sarana | C11: =D11+E11 -> 0 | D11: =D8*25% -> 0 | E11: =E8*25% -> 0
A13: sanksi | B13: Prasarana | C13: 7030562
B14: Sarana | C14: 4952060
A17: total nilai verif | B17: Prasarana | C17: =C3-C10-C13 -> -7030562 | D17: =D3-D10-D13 -> 0 | E17: =E3-E10-E13 -> 0
B18: Sarana | C18: =C4-C11-C14 -> -4952060 | D18: =D4-D11-D14 -> 0 | E18: =E4-E11-E14 -> 0
B19: Total | C19: =C17+C18 -> -11982622 | D19: =D17+D18 -> 0 | E19: =E17+E18 -> 0
A21: pencairan 90% des | B21: Prasarana | C21: =D21+E21 -> 0
B22: Sarana | C22: =D22+E22 -> 0
B23: Total | C23: =D23+E23 -> 0 | D23: =D21+D22 -> 0 | E23: =E21+E22 -> 0
A25: selisih kurang lebih | B25: Prasarana | C25: =D25+E25 -> 0 | D25: =D17-D21 -> 0 | E25: =E17-E21 -> 0
B26: Sarana | C26: =D26+E26 -> 0 | D26: =D18-D22 -> 0 | E26: =E18-E22 -> 0
B27: Total | C27: =D27+E27 -> 0 | D27: =D25+D26 -> 0 | E27: =E25+E26 -> 0
